happybeibei,wenzel
happybeibei,rebekah
happybeibei,36771726
eris,sickrain
eris,woniu3
eris,hitlike
eris,M_E_M_O
eris,nomap
eris,ba8ge7xi
3841644,Gawiel
3841644,sunnyyen
3841644,bookart
3841644,changyuanhuashi
1000052,ligne
1000052,lawrencelry
1000052,1063899
amiii,wuhuprince
amiii,Dr.Moth
3091531,75898765
3091531,nalakuvara
connie_326,xzyzsk7
connie_326,hitlike
connie_326,Dr.Moth
white_K,bolide
white_K,3793398
white_K,sickrain
white_K,ziboy
white_K,zoezy
white_K,didion.x
kz,nomap
mylife,4464274
mylife,mt711
mylife,1867648
mylife,momodidi
mylife,sickrain
mylife,butu
mylife,1029974
mylife,ziboy
mylife,wenzel
mylife,Dr.Moth
mylife,beard
mylife,butaolai
down2crawl,graytv
down2crawl,1029974
kokafang,ly4everyi
kokafang,mirrorsandhymns
kokafang,bolide
kokafang,sickrain
kokafang,hitlike
kokafang,bobin1989
kokafang,3296086
kokafang,Shenggy
ba8ge7xi,microwave
ba8ge7xi,woniu3
kent1212,changyuanhuashi
kent1212,hamuleiteshimo
2202437,momodidi
wuhuprince,beard
wuhuprince,wenzel
wuhuprince,amiii
ziboy,mylife
ziboy,white_K
ziboy,hamuleiteshimo
ziboy,beard
microwave,rebekah
microwave,bolide
microwave,ba8ge7xi
microwave,hhsun
microwave,eris
microwave,M_E_M_O
2061884,36771726
2061884,lp_master
zoezy,vwendy
zoezy,white_K
zoezy,wuqing
butaolai,liudandan
butaolai,kinokino
butaolai,mylife
butaolai,piccaninny
butaolai,wenzel
butaolai,beard
butaolai,sickrain
lsyven,eris
lsyven,liweiphoto
lsyven,smileheaven
1045484,3737627
1045484,denovo
1045484,mushroom
bookart,graytv
bookart,wangfenglong
bookart,didion.x
bookart,momodidi
bookart,3841644
bookart,3793398
wangfenglong,4464274
wangfenglong,1029974
wangfenglong,bookart
wangfenglong,Dr.Moth
wangfenglong,daisywong
wangfenglong,jennyqueen
wangfenglong,M_E_M_O
wangfenglong,hhsun
wangfenglong,ba8ge7xi
wangfenglong,woniu3
liweiphoto,liudandan
liweiphoto,4619614
liweiphoto,eris
liweiphoto,lsyven
liweiphoto,smileheaven
liweiphoto,nalakuvara
liweiphoto,hhsun
liweiphoto,ba8ge7xi
liweiphoto,M_E_M_O
Gawiel,50782420
Gawiel,lilyshen
Gawiel,nosferatu
Gawiel,liudandan
ligne,changyuanhuashi
ligne,1063899
ligne,jennyqueen
ligne,nancyrither
ligne,nosferatu
ligne,1000052
ligne,rebekah
motorcycleangel,hitlike
motorcycleangel,ziboy
motorcycleangel,wuqing
motorcycleangel,Dr.Moth
163669931,Queenie.Emika
163669931,1867648
mirrorsandhymns,kokafang
mirrorsandhymns,xzyzsk7
mirrorsandhymns,liudandan
mirrorsandhymns,3746118
mirrorsandhymns,beard
mirrorsandhymns,woniu3
mirrorsandhymns,lilyshen
mirrorsandhymns,sickrain
mirrorsandhymns,connie_326
mirrorsandhymns,zoezy
beard,wuqing
beard,rebekah
beard,dbhe
beard,wenzel
beard,lilyshen
beard,hhsun
beard,smileheaven
beard,bzys
beard,momodidi
beard,mt711
beard,eris
beard,woniu3
beard,1867648
beard,hamuleiteshimo
beard,M_E_M_O
beard,Dr.Moth
beard,mylife
beard,hitlike
beard,butaolai
beard,liweiphoto
beard,ziboy
beard,1063899
bolide,microwave
bolide,M_E_M_O
4464274,mylife
4464274,momodidi
50782420,citywork
50782420,cicyjojo
50782420,mirrorsandhymns
50782420,xzyzsk7
50782420,Gawiel
didion.x,rebekah
didion.x,Z_x_P
didion.x,momodidi
didion.x,bookart
didion.x,white_K
dbhe,butu
dbhe,3793398
dbhe,liudandan
dbhe,beard
dbhe,momodidi
dbhe,mt711
4619614,2202437
4619614,eris
4619614,liweiphoto
4619614,M_E_M_O
cellosonata,woniu3
3737627,denovo
3737627,1045484
denovo,liudandan
denovo,3737627
denovo,1045484
denovo,FridayInLove
denovo,mushroom
denovo,bessel
momodidi,dbhe
momodidi,mylife
momodidi,ziboy
momodidi,mt711
momodidi,Dr.Moth
momodidi,bookart
momodidi,beard
lo.tu.s,36771726
lo.tu.s,3793398
lo.tu.s,M_E_M_O
lo.tu.s,mylife
lo.tu.s,daisywong
3793398,1063899
3793398,Gawiel
3793398,liudandan
3793398,mt711
3793398,Shenggy
3793398,1029974
3793398,white_K
hitlike,kokafang
hitlike,xzyzsk7
hitlike,eris
hitlike,woniu3
hitlike,1029974
hitlike,sickrain
hitlike,smileheaven
hitlike,lawrencelry
ly4everyi,Gawiel
1029974,wenzel
1029974,lo.tu.s
1029974,xzyzsk7
1029974,3793398
1029974,nosferatu
1029974,mylife
1029974,ligne
1029974,hamuleiteshimo
1029974,hitlike
1029974,nalakuvara
1029974,down2crawl
1029974,connie_326
lesliel0,eris
mushroom,denovo
mushroom,1045484
ludekun,wenzel
ludekun,citywork
ludekun,changyuanhuashi
ludekun,sickrain
ludekun,1867648
ludekun,liudandan
ludekun,Gawiel
ludekun,sonoko
ludekun,nosferatu
hhsun,eris
hhsun,wangfenglong
hhsun,M_E_M_O
hhsun,ba8ge7xi
FridayInLove,lilyshen
FridayInLove,1045484
FridayInLove,ligne
FridayInLove,nomap
FridayInLove,3737627
FridayInLove,denovo
bessel,3737627
bessel,denovo
bzys,beard
bzys,2253878
bzys,xzyzsk7
bzys,ligne
nomap,eris
nomap,FridayInLove
nomap,kz
3746118,mirrorsandhymns
3746118,1867648
M_E_M_O,eris
M_E_M_O,4619614
M_E_M_O,hhsun
M_E_M_O,beard
M_E_M_O,smileheaven
M_E_M_O,ba8ge7xi
M_E_M_O,liweiphoto
smileheaven,beard
smileheaven,eris
smileheaven,ba8ge7xi
smileheaven,liweiphoto
smileheaven,lsyven
smileheaven,M_E_M_O
smileheaven,hitlike
woniu3,xzyzsk7
woniu3,mylife
woniu3,eris
woniu3,beard
woniu3,huhucha
woniu3,hitlike
woniu3,1867648
hamuleiteshimo,jennyqueen
hamuleiteshimo,1029974
hamuleiteshimo,ziboy
hamuleiteshimo,beard
hamuleiteshimo,Dr.Moth
hamuleiteshimo,kent1212
Z_x_P,didion.x
Z_x_P,1029974
Z_x_P,woniu3
Z_x_P,3793398
mt711,momodidi
mt711,dbhe
mt711,amber-c
mt711,3793398
mt711,Shenggy
mt711,mylife
mt711,beard
mt711,2253878
mt711,ziboy
nosferatu,Gawiel
nosferatu,woniu3
nosferatu,amber-c
nosferatu,jennyqueen
nosferatu,1029974
nosferatu,connie_326
nosferatu,ludekun
1723626,boatcloud
1723626,jennyqueen
1723626,sickrain
63306399,1867648
63306399,nosferatu
1867648,wenzel
1867648,hinabooklit
1867648,boatcloud
1867648,beard
1867648,woniu3
1867648,mylife
1867648,jennyqueen
chirose,lp_master
chirose,ligne
nalakuvara,woniu3
nalakuvara,ziboy
piccaninny,Dr.Moth
piccaninny,connie_326
piccaninny,mylife
piccaninny,butaolai
wuqing,hinabooklit
wuqing,motorcycleangel
wuqing,zoezy
wuqing,sickrain
wuqing,huhucha
wuqing,jameshurui
wuqing,shenduwan
wuqing,woniu3
3296086,bobin1989
3296086,kokafang
2253519,Shenggy
butu,changyuanhuashi
butu,milashua
butu,mt711
butu,mylife
butu,jennyqueen
bobin1989,sickrain
bobin1989,kokafang
bobin1989,3296086
huhucha,sickrain
huhucha,wuqing
huhucha,woniu3
huhucha,shenduwan
Bums,sickrain
shenduwan,Bums
shenduwan,wuqing
shenduwan,huhucha
rhubarb,1723626
rhubarb,Dr.Moth
graytv,ziboy
graytv,momodidi
graytv,Dr.Moth
graytv,bookart
graytv,sickrain
graytv,Shenggy
hinabooklit,jennyqueen
hinabooklit,sickrain
hinabooklit,1867648
Shenggy,kokafang
Shenggy,graytv
Shenggy,2253519
heidex,lilyshen
heidex,liudandan
xzyzsk7,mirrorsandhymns
xzyzsk7,woniu3
xzyzsk7,hitlike
xzyzsk7,sickrain
xzyzsk7,1029974
daisywong,Queenie.Emika
daisywong,rebekah
daisywong,mylife
Queenie.Emika,kantingq
Queenie.Emika,lilyshen
lp_master,liudandan
wenzel,sickrain
wenzel,butaolai
imaginister,sickrain
imaginister,1867648
imaginister,liudandan
sickrain,imaginister
sickrain,bobin1989
sickrain,liudandan
sickrain,xzyzsk7
sickrain,wenzel
sickrain,huhucha
sickrain,1723626
sickrain,wuqing
sickrain,Bums
sickrain,hitlike
sickrain,butaolai
liudandan,butaolai
liudandan,sickrain
liudandan,denovo
liudandan,ligne
liudandan,dbhe
liudandan,boatcloud
liudandan,lilyshen
liudandan,nosferatu
liudandan,changyuanhuashi
liudandan,Gawiel
208334835,163804611
208334835,48040020
marvinsee,liudandan
marvinsee,lilyshen
169402461,cicyjojo
169402461,imaginister
169402461,1867648
169402461,Queenie.Emika
169402461,hinabooklit
jennyqueen,hinabooklit
jennyqueen,liudandan
jennyqueen,36771726
jennyqueen,dbhe
jennyqueen,1867648
jennyqueen,1723626
jennyqueen,mylife
jennyqueen,butu
jennyqueen,3793398
jennyqueen,woniu3
jennyqueen,ligne
cicyjojo,Gawiel
58782848,2309526
49563189,wenzel
tvxqchu,cicyjojo
tvxqchu,rebekah
tvxqchu,wdhlst
36771726,75898765
120831440,imaginister
177254768,1867648
177254768,wenzel
177254768,hinabooklit
177254768,imaginister
177254768,lp_master
60072889,Queenie.Emika
vwendy,zoezy
boatcloud,1867648
boatcloud,liudandan
boatcloud,1723626
nancyrither,sickrain
nancyrither,connie_326
nancyrither,rebekah
nancyrither,ligne
53203842,rebekah
53203842,ligne
53203842,wdhlst
kinokino,butaolai
mmse,sickrain
2309526,58782848
1063899,1867648
1063899,ligne
1063899,wenzel
1063899,hitlike
1063899,Gawiel
1063899,1000052
1063899,beard
165080031,hinabooklit
165080031,imaginister
roy_aladdin,cicyjojo
kantingq,hermione58
rebekah,daisywong
rebekah,ligne
hermione58,hinabooklit
hermione58,1867648
hermione58,Queenie.Emika
ShizukuNekoi,yaotutu
supersarah,hinabooklit
jameshurui,wuqing
flamepulse,75898765
flamepulse,butu
flamepulse,lilyshen
flamepulse,Queenie.Emika
flamepulse,dbhe
lilyshen,liudandan
lilyshen,ligne
lilyshen,mirrorsandhymns
Nasicour,sickrain
Nasicour,dbhe
Nasicour,vwendy
1023610,sunnyyen
1023610,dbhe
1023610,lilyshen
